{"cameraMode":{"drawMode":0,"name":"Shaded","section":"Shading Mode"},"sceneLighting":true,"audioPlay":false,"sceneViewState":{"showFog":false,"showMaterialUpdate":false,"showSkybox":false,"showFlares":false,"showImageEffects":false,"showParticleSystems":false},"in2DMode":false,"pivot":{"x":5.640377998352051,"y":3.84236478805542,"z":6.957103729248047},"rotation":{"x":0.14810729026794434,"y":-0.6681477427482605,"z":0.13822494447231294,"w":0.7159168720245361},"size":26.267038345336915,"orthographic":false}