{"cameraMode":{"drawMode":0,"name":"Shaded","section":"Shading Mode"},"sceneLighting":false,"audioPlay":false,"sceneViewState":{"showFog":false,"showMaterialUpdate":false,"showSkybox":false,"showFlares":false,"showImageEffects":false,"showParticleSystems":false},"in2DMode":false,"pivot":{"x":2.8499999046325685,"y":4.7739973068237309,"z":-2.026373863220215},"rotation":{"x":0.14810729026794434,"y":-0.6681477427482605,"z":0.13822494447231294,"w":0.7159168720245361},"size":2.8070647716522219,"orthographic":false}