{"cameraMode":{"drawMode":0,"name":"Shaded","section":"Shading Mode"},"sceneLighting":true,"audioPlay":false,"sceneViewState":{"showFog":false,"showMaterialUpdate":false,"showSkybox":false,"showFlares":false,"showImageEffects":false,"showParticleSystems":false},"in2DMode":false,"pivot":{"x":-7.165501117706299,"y":-14.338003158569336,"z":28.20287322998047},"rotation":{"x":0.23122437298297883,"y":-0.13923218846321107,"z":0.03345569968223572,"w":0.9623141884803772},"size":110.76448822021485,"orthographic":false}