{"cameraMode":{"drawMode":0,"name":"Shaded","section":"Shading Mode"},"sceneLighting":true,"audioPlay":false,"sceneViewState":{"showFog":false,"showMaterialUpdate":false,"showSkybox":false,"showFlares":false,"showImageEffects":false,"showParticleSystems":false},"in2DMode":false,"pivot":{"x":10.769309997558594,"y":4.217678070068359,"z":6.437175273895264},"rotation":{"x":0.02040896564722061,"y":0.9151712656021118,"z":-0.04671425744891167,"w":0.3998289406299591},"size":9.502565383911133,"orthographic":false}