{"cameraMode":{"drawMode":0,"name":"Shaded","section":"Shading Mode"},"sceneLighting":true,"audioPlay":false,"sceneViewState":{"showFog":false,"showMaterialUpdate":false,"showSkybox":false,"showFlares":false,"showImageEffects":false,"showParticleSystems":false},"in2DMode":false,"pivot":{"x":-32.219818115234378,"y":-11.940082550048829,"z":-66.21174621582031},"rotation":{"x":0.0627712532877922,"y":-0.9106083512306213,"z":0.15051446855068208,"w":0.37975916266441347},"size":147.6250762939453,"orthographic":false}